{
  "macro_f1": 0.6955636068880244,
  "micro_f1": 0.7329525169582292,
  "pr_auc_macro": 0.7582817723575208,
  "per_label_f1": {
    "Cause of Distress": 0.7852760736196319,
    "Critical Risk": 0.7916666666666666,
    "Maladaptive Coping": 0.6436781609195402,
    "Mental Distress": 0.8228678537956888,
    "Miscellaneous": 0.4444444444444444,
    "Mood Tracking": 0.7960975609756098,
    "Positive Coping": 0.5118483412322274,
    "Progress Update": 0.7527839643652561,
    "Seeking Help": 0.7114093959731543
  }
}