{
  "accuracy": 0.6704545454545454,
  "macro_f1": 0.6804966927699575,
  "per_label_f1": {
    "high": 0.7235494880546075,
    "low": 0.6825396825396826,
    "medium": 0.6354009077155824
  },
  "confusion_matrix": [
    [
      106,
      4,
      13
    ],
    [
      16,
      215,
      62
    ],
    [
      48,
      118,
      210
    ]
  ],
  "label_order": [
    "high",
    "low",
    "medium"
  ]
}