{
  "accuracy": 0.6818181818181818,
  "macro_f1": 0.6928507295173961,
  "per_label_f1": {
    "high": 0.7412587412587412,
    "low": 0.7169230769230769,
    "medium": 0.6203703703703703
  },
  "confusion_matrix": [
    [
      106,
      4,
      13
    ],
    [
      2,
      233,
      58
    ],
    [
      55,
      120,
      201
    ]
  ],
  "label_order": [
    "high",
    "low",
    "medium"
  ]
}