{
  "test_loss": 0.32236248254776,
  "test_macro_f1": 0.6206854228902441,
  "test_micro_f1": 0.6107996459132488,
  "test_pr_auc_macro": 0.7084447565334754,
  "test_runtime": 16.255,
  "test_samples_per_second": 48.723,
  "test_steps_per_second": 1.538
}