{
  "test_macro_f1": 0.6459428154891383,
  "test_micro_f1": 0.6417397939717665
}